<?xml version="1.0" encoding="UTF-8" standalone="yes" ?>
<FileZilla3>
    <Servers>
        <Server>
            <Host>03a6911.netsolhost.com</Host>
            <Port>21</Port>
            <Protocol>0</Protocol>
            <Type>0</Type>
            <User>getmorechild</User>
            <Pass>Test123</Pass>
            <Logontype>1</Logontype>
            <TimezoneOffset>0</TimezoneOffset>
            <PasvMode>MODE_DEFAULT</PasvMode>
            <MaximumMultipleConnections>0</MaximumMultipleConnections>
            <EncodingType>Auto</EncodingType>
            <BypassProxy>0</BypassProxy>
            <Name>childSupportFinal</Name>
            <Comments />
            <LocalDir />
            <RemoteDir />
            <SyncBrowsing>0</SyncBrowsing>childSupportFinal
        </Server>
    </Servers>
</FileZilla3>
